Model,MAE,RMSE,MAPE (%)
NeuralProphet Baseline,4.032267389706254,5.064616841206398,2.215601108673253
NeuralProphet Tuned,4.345963139853294,5.497797898703808,2.3711659597659915
SARIMAX,13.688137363344598,15.636715358264778,7.516043314103488
